<?xml version="1.0" encoding="utf-8"?>
<resources>
    <color name="colorPrimary">#850000</color>
    <color name="colorPrimaryDark">#00574B</color>
    <color name="colorAccent">#060606</color>
    <color name="yellow">#ffff00</color>
    <color name="theme">#BB86FC</color>
    <color name="white">#ffffff</color>
    <color name="graph1">#8A5ACA</color>
    <color name="graph2">#BE7D05</color>
    <color name="bg2">#1E1E1E</color>
    <color name="bgColor">#000000</color>
    <color name="textColor">#ffffff</color>
    <color name="metaColor">#aeaeae</color>
</resources>
