<resources>

    <!-- Base application theme. -->
    <style name="AppTheme" parent="Theme.AppCompat.Light.DarkActionBar">
        <!-- Customize your theme here. -->
        <item name="colorPrimary">#000</item>
        <item name="colorPrimaryDark">@color/colorPrimaryDark</item>
        <item name="colorAccent">@color/white</item>
        <item name="android:statusBarColor">@color/bgColor</item>
    </style>

    <style name="AppTheme.Launcher">
        <item name="android:windowBackground">@drawable/splash_screen</item>
    </style>

    <style name="DarkTheme" parent="AppTheme">
        <item name="textColor">#ffffff</item>
        <item name="metaTextColor">#aeaeae</item>
        <item name="bgColor">#000000</item>
        <item name="android:statusBarColor">@color/bgColor</item>
    </style>

    <style name="progressBAR">
        <item name="colorAccent">#BB86FC</item>
    </style>



    <style name="AppTheme.NoActionBar">
        <item name="windowActionBar">false</item>
        <item name="windowNoTitle">true</item>
    </style>

    <style name="AppTheme.AppBarOverlay" parent="ThemeOverlay.AppCompat.Dark.ActionBar" />

    <style name="AppTheme.PopupOverlay" parent="ThemeOverlay.AppCompat.Light" />

</resources>
